,Amadu,Calvin,Fabio,Luca,Lukas,Martin,Maurice,Max,Michael,Pharrell,Felix
Anna,0.034031413612565446,0.061518324607329845,0.10209424083769633,0.041884816753926704,0.0,0.14397905759162305,0.0,0.06282722513089005,0.3599476439790576,0.193717277486911,0.10863874345549739
Cecilia,0.8167539267015707,0.014397905759162303,0.017015706806282723,0.011780104712041885,0.0,0.0274869109947644,0.0,0.04319371727748691,0.014397905759162303,0.0549738219895288,0.10863874345549739
Celina,0.013089005235602094,0.08507853403141362,0.306282722513089,0.08638743455497382,0.0,0.17277486910994763,0.002617801047120419,0.08900523560209424,0.09554973821989529,0.14921465968586387,0.10863874345549739
Franziska,0.04842931937172775,0.112565445026178,0.10471204188481675,0.112565445026178,0.0,0.11387434554973822,0.013089005235602094,0.2107329842931937,0.06413612565445026,0.2198952879581152,0.10863874345549739
Gina,0.005235602094240838,0.2356020942408377,0.08507853403141362,0.09554973821989529,0.0,0.09031413612565445,0.014397905759162303,0.1505235602094241,0.11387434554973822,0.2094240837696335,0.13089005235602094
Isabelle,0.051047120418848166,0.13481675392670156,0.09162303664921466,0.19895287958115182,0.0,0.2683246073298429,0.020942408376963352,0.1099476439790576,0.1243455497382199,0.0,0.10863874345549739
Karina,0.006544502617801047,0.2709424083769634,0.19240837696335078,0.13481675392670156,0.0,0.1806282722513089,0.010471204188481676,0.10209424083769633,0.10209424083769633,0.0,0.10863874345549739
Luisa,0.0,0.0,0.0,0.0,1.0,0.0,0.0,0.0,0.0,0.0,0.10863874345549739
Ricarda,0.0,0.002617801047120419,0.010471204188481676,0.031413612565445025,0.0,0.002617801047120419,0.9175392670157068,0.0,0.0,0.03534031413612566,0.0
Zoe,0.024869109947643978,0.0824607329842932,0.09031413612565445,0.28664921465968585,0.0,0.0,0.020942408376963352,0.23167539267015708,0.1256544502617801,0.13743455497382198,0.10863874345549739
