,Amadu,Calvin,Fabio,Luca,Lukas,Martin,Maurice,Max,Michael,Pharrell,Felix
Anna,0.0,0.0,0.0,0.0,0.0,0.0,0.0,0.0,1.0,0.0,0.09375
Cecilia,1.0,0.0,0.0,0.0,0.0,0.0,0.0,0.0,0.0,0.0,0.09375
Celina,0.0,0.09375,0.625,0.0,0.0,0.15625,0.015625,0.0,0.0,0.109375,0.09375
Franziska,0.0,0.15625,0.046875,0.125,0.0,0.453125,0.03125,0.0,0.0,0.1875,0.09375
Gina,0.0,0.03125,0.046875,0.125,0.0,0.359375,0.015625,0.125,0.0,0.296875,0.25
Isabelle,0.0,0.28125,0.046875,0.171875,0.0,0.0,0.125,0.375,0.0,0.0,0.09375
Karina,0.0,0.125,0.0625,0.578125,0.0,0.0,0.0,0.234375,0.0,0.0,0.09375
Luisa,0.0,0.0,0.0,0.0,1.0,0.0,0.0,0.0,0.0,0.0,0.09375
Ricarda,0.0,0.03125,0.125,0.0,0.0,0.03125,0.8125,0.0,0.0,0.0,0.0
Zoe,0.0,0.28125,0.046875,0.0,0.0,0.0,0.0,0.265625,0.0,0.40625,0.09375
