,Amadu,Calvin,Fabio,Luca,Lukas,Martin,Maurice,Max,Michael,Pharrell,Felix
Anna,0.03333333333333333,0.07,0.11,0.05,0.0,0.17333333333333334,0.0,0.06666666666666667,0.36333333333333334,0.13333333333333333,0.1111111111111111
Cecilia,0.6866666666666666,0.03333333333333333,0.05,0.03,0.0,0.05,0.0,0.03333333333333333,0.02666666666666667,0.09,0.1111111111111111
Celina,0.03,0.08333333333333333,0.23666666666666666,0.06333333333333334,0.0,0.25,0.006666666666666667,0.09333333333333334,0.08666666666666667,0.15,0.1111111111111111
Franziska,0.06666666666666667,0.08333333333333333,0.10333333333333333,0.12333333333333334,0.0,0.11333333333333333,0.016666666666666666,0.25666666666666665,0.08333333333333333,0.15333333333333332,0.1111111111111111
Gina,0.02666666666666667,0.25666666666666665,0.10333333333333333,0.09666666666666666,0.0,0.09333333333333334,0.02,0.10666666666666667,0.14666666666666667,0.15,0.1111111111111111
Isabelle,0.056666666666666664,0.08,0.09,0.2633333333333333,0.0,0.17333333333333334,0.01,0.09,0.09666666666666666,0.14,0.1111111111111111
Karina,0.05333333333333334,0.31333333333333335,0.19666666666666666,0.11,0.0,0.13666666666666666,0.006666666666666667,0.1,0.08333333333333333,0.0,0.1111111111111111
Luisa,0.0,0.0,0.0,0.0,1.0,0.0,0.0,0.0,0.0,0.0,0.1111111111111111
Ricarda,0.0,0.006666666666666667,0.006666666666666667,0.01,0.0,0.01,0.9333333333333333,0.006666666666666667,0.0,0.02666666666666667,0.0
Zoe,0.04666666666666667,0.07333333333333333,0.10333333333333333,0.25333333333333335,0.0,0.0,0.006666666666666667,0.24666666666666667,0.11333333333333333,0.15666666666666668,0.1111111111111111
